tenure,monthly_charges,total_charges,total_services,avg_monthly_spend_ratio,contract_ordinal,senior_citizen,partner,dependents,paperless_billing,high_risk_flag,payment_risk_flag,gender_Female,gender_Male,internet_service_DSL,internet_service_Fiber optic,internet_service_No,payment_method_Bank transfer (automatic),payment_method_Credit card (automatic),payment_method_Electronic check,payment_method_Mailed check,tenure_group_0-12,tenure_group_13-24,tenure_group_25-48,tenure_group_49+,multiple_lines_No,multiple_lines_No phone service,multiple_lines_Yes,online_security_No,online_security_No internet service,online_security_Yes,online_backup_No,online_backup_No internet service,online_backup_Yes,device_protection_No,device_protection_No internet service,device_protection_Yes,tech_support_No,tech_support_No internet service,tech_support_Yes,streaming_tv_No,streaming_tv_No internet service,streaming_tv_Yes,streaming_movies_No,streaming_movies_No internet service,streaming_movies_Yes,phone_service_No,phone_service_Yes
0.7530440569696273,0.3423914134092498,0.7035389715134726,0.5091469357039063,0.3844858926545428,1.5668281080382434,False,True,False,True,0,0,0.0,1.0,1.0,0.0,0.0,1.0,0.0,0.0,0.0,0.0,0.0,0.0,1.0,0.0,0.0,1.0,1.0,0.0,0.0,1.0,0.0,0.0,1.0,0.0,0.0,0.0,0.0,1.0,0.0,0.0,1.0,0.0,0.0,1.0,0.0,1.0
1.160560166562066,1.4221011078950307,1.8544148431500505,1.5875431145594734,1.3909417961722317,0.3685778622546865,False,False,False,True,0,1,0.0,1.0,0.0,1.0,0.0,0.0,0.0,1.0,0.0,0.0,0.0,0.0,1.0,0.0,0.0,1.0,0.0,0.0,1.0,0.0,0.0,1.0,0.0,0.0,1.0,1.0,0.0,0.0,0.0,0.0,1.0,0.0,0.0,1.0,0.0,1.0
-0.6732623266039084,-1.485319928101243,-0.8698055962536029,-1.1084473325794444,-1.4878132388400664,0.3685778622546865,False,False,False,False,0,0,1.0,0.0,0.0,0.0,1.0,1.0,0.0,0.0,0.0,0.0,1.0,0.0,0.0,1.0,0.0,0.0,0.0,1.0,0.0,0.0,1.0,0.0,0.0,1.0,0.0,0.0,1.0,0.0,0.0,1.0,0.0,0.0,1.0,0.0,0.0,1.0
0.0602666706624813,0.0040492049989588,-0.062240434804152,-0.0300511537238772,-0.0469468812399562,-0.8296723835288703,False,False,False,False,0,1,1.0,0.0,1.0,0.0,0.0,0.0,0.0,0.0,1.0,0.0,0.0,1.0,0.0,0.0,0.0,1.0,1.0,0.0,0.0,1.0,0.0,0.0,1.0,0.0,0.0,0.0,0.0,1.0,0.0,0.0,1.0,1.0,0.0,0.0,0.0,1.0
0.4270311692956762,1.4154669469458094,0.9813714253668604,1.04834502513169,1.3419754997486228,0.3685778622546865,True,True,False,True,0,1,1.0,0.0,0.0,1.0,0.0,0.0,0.0,1.0,0.0,0.0,0.0,1.0,0.0,0.0,0.0,1.0,1.0,0.0,0.0,1.0,0.0,0.0,0.0,0.0,1.0,0.0,0.0,1.0,0.0,0.0,1.0,0.0,0.0,1.0,0.0,1.0
-0.3064978279707135,-0.8882454426713179,-0.5835632925759955,-0.0300511537238772,-0.8621695460222,0.3685778622546865,False,True,False,True,0,0,0.0,1.0,1.0,0.0,0.0,0.0,1.0,0.0,0.0,0.0,0.0,1.0,0.0,0.0,1.0,0.0,1.0,0.0,0.0,1.0,0.0,0.0,0.0,0.0,1.0,1.0,0.0,0.0,0.0,0.0,1.0,1.0,0.0,0.0,1.0,0.0
0.4270311692956762,-0.8102940515179665,-0.1696801089292312,0.5091469357039063,-0.6749065475373177,-0.8296723835288703,False,False,True,True,0,1,0.0,1.0,1.0,0.0,0.0,0.0,0.0,1.0,0.0,0.0,0.0,1.0,0.0,0.0,1.0,0.0,0.0,0.0,1.0,0.0,0.0,1.0,0.0,0.0,1.0,1.0,0.0,0.0,1.0,0.0,0.0,1.0,0.0,0.0,1.0,0.0
-0.5917591046854207,-0.984440776435028,-0.7430210717495752,-0.0300511537238772,-1.030243049962695,-0.8296723835288703,False,False,False,True,0,1,1.0,0.0,1.0,0.0,0.0,0.0,0.0,1.0,0.0,0.0,1.0,0.0,0.0,0.0,1.0,0.0,1.0,0.0,0.0,1.0,0.0,0.0,0.0,0.0,1.0,0.0,0.0,1.0,1.0,0.0,0.0,1.0,0.0,0.0,1.0,0.0
0.1010182816217252,-1.3028805019976548,-0.6139309748394299,-1.1084473325794444,-1.2945948799793396,-0.8296723835288703,False,False,False,True,0,1,0.0,1.0,0.0,0.0,1.0,0.0,0.0,1.0,0.0,0.0,0.0,1.0,0.0,0.0,0.0,1.0,0.0,1.0,0.0,0.0,1.0,0.0,0.0,1.0,0.0,0.0,1.0,0.0,0.0,1.0,0.0,0.0,1.0,0.0,0.0,1.0
0.3455279473771884,0.7072702656164263,0.4566451035669387,0.5091469357039063,0.5479274496360478,0.3685778622546865,False,True,False,True,0,0,1.0,0.0,0.0,1.0,0.0,1.0,0.0,0.0,0.0,0.0,0.0,1.0,0.0,1.0,0.0,0.0,1.0,0.0,0.0,0.0,0.0,1.0,0.0,0.0,1.0,0.0,0.0,1.0,1.0,0.0,0.0,1.0,0.0,0.0,0.0,1.0
-1.2845364909925665,0.1980984127636843,-0.9786066559899134,-1.1084473325794444,0.1975537475238739,-0.8296723835288703,True,True,False,False,1,1,0.0,1.0,0.0,1.0,0.0,0.0,0.0,0.0,1.0,1.0,0.0,0.0,0.0,1.0,0.0,0.0,1.0,0.0,0.0,1.0,0.0,0.0,1.0,0.0,0.0,1.0,0.0,0.0,1.0,0.0,0.0,1.0,0.0,0.0,0.0,1.0
-1.2845364909925665,0.1732203092041041,-0.9789360234765015,-1.1084473325794444,0.172739745957856,-0.8296723835288703,False,False,False,False,1,1,1.0,0.0,0.0,1.0,0.0,0.0,0.0,1.0,0.0,1.0,0.0,0.0,0.0,1.0,0.0,0.0,1.0,0.0,0.0,1.0,0.0,0.0,1.0,0.0,0.0,1.0,0.0,0.0,1.0,0.0,0.0,1.0,0.0,0.0,0.0,1.0
-0.7140139375631523,0.0239516878466228,-0.5661726892841372,1.04834502513169,0.0810933668406964,0.3685778622546865,False,False,True,False,0,0,1.0,0.0,1.0,0.0,0.0,0.0,1.0,0.0,0.0,0.0,1.0,0.0,0.0,1.0,0.0,0.0,0.0,0.0,1.0,0.0,0.0,1.0,0.0,0.0,1.0,0.0,0.0,1.0,1.0,0.0,0.0,1.0,0.0,0.0,0.0,1.0
-0.143491384133738,-1.0142945007065245,-0.5684782616902548,-0.0300511537238772,-1.00013539472926,-0.8296723835288703,False,False,False,False,0,1,0.0,1.0,1.0,0.0,0.0,0.0,0.0,1.0,0.0,0.0,0.0,1.0,0.0,0.0,1.0,0.0,1.0,0.0,0.0,0.0,0.0,1.0,1.0,0.0,0.0,0.0,0.0,1.0,1.0,0.0,0.0,1.0,0.0,0.0,1.0,0.0
-0.3064978279707135,-1.4836613878639378,-0.7741792359808214,-1.1084473325794444,-1.436861822291176,-0.8296723835288703,False,False,False,True,0,1,0.0,1.0,0.0,0.0,1.0,0.0,0.0,0.0,1.0,0.0,0.0,1.0,0.0,1.0,0.0,0.0,0.0,1.0,0.0,0.0,1.0,0.0,0.0,1.0,0.0,0.0,1.0,0.0,0.0,1.0,0.0,0.0,1.0,0.0,0.0,1.0
-1.0400268252371032,0.4900014945294258,-0.7441628790364143,-0.5692492431516608,0.7116998599717665,-0.8296723835288703,False,False,False,True,0,1,1.0,0.0,0.0,1.0,0.0,0.0,0.0,0.0,1.0,1.0,0.0,0.0,0.0,0.0,0.0,1.0,0.0,0.0,1.0,1.0,0.0,0.0,1.0,0.0,0.0,1.0,0.0,0.0,1.0,0.0,0.0,1.0,0.0,0.0,0.0,1.0
-1.1215300471555911,0.6575140584972659,-0.837351919908443,-0.0300511537238772,0.4506565634972574,-0.8296723835288703,True,False,False,True,1,1,1.0,0.0,0.0,1.0,0.0,0.0,0.0,1.0,0.0,1.0,0.0,0.0,0.0,1.0,0.0,0.0,1.0,0.0,0.0,0.0,0.0,1.0,1.0,0.0,0.0,1.0,0.0,0.0,0.0,0.0,1.0,1.0,0.0,0.0,0.0,1.0
0.6307892240918956,-0.65936688992318,-0.045201156831321,0.5091469357039063,-0.6325573181979803,0.3685778622546865,False,True,True,False,0,0,1.0,0.0,1.0,0.0,0.0,0.0,1.0,0.0,0.0,0.0,0.0,1.0,0.0,0.0,1.0,0.0,0.0,0.0,1.0,1.0,0.0,0.0,0.0,0.0,1.0,1.0,0.0,0.0,1.0,0.0,0.0,0.0,0.0,1.0,1.0,0.0
1.6088278871137487,1.4818085564380232,2.4687071634695306,1.5875431145594734,1.4931754826242258,1.5668281080382434,True,True,False,True,0,0,0.0,1.0,0.0,1.0,0.0,1.0,0.0,0.0,0.0,0.0,0.0,0.0,1.0,0.0,0.0,1.0,0.0,0.0,1.0,0.0,0.0,1.0,0.0,0.0,1.0,1.0,0.0,0.0,0.0,0.0,1.0,0.0,0.0,1.0,0.0,1.0
-1.2845364909925665,0.9660025426360604,-0.9684401795705568,-0.0300511537238772,0.9634792625282956,-0.8296723835288703,True,False,False,True,1,1,0.0,1.0,0.0,1.0,0.0,0.0,0.0,1.0,0.0,1.0,0.0,0.0,0.0,0.0,0.0,1.0,1.0,0.0,0.0,1.0,0.0,0.0,1.0,0.0,0.0,1.0,0.0,0.0,0.0,0.0,1.0,0.0,0.0,1.0,0.0,1.0
0.0195150597032374,0.9444415195510906,0.3481514534847771,0.5091469357039063,0.9535536619018884,-0.8296723835288703,False,True,False,True,0,1,0.0,1.0,0.0,1.0,0.0,0.0,0.0,1.0,0.0,0.0,0.0,1.0,0.0,0.0,0.0,1.0,1.0,0.0,0.0,0.0,0.0,1.0,0.0,0.0,1.0,1.0,0.0,0.0,1.0,0.0,0.0,0.0,0.0,1.0,0.0,1.0
-0.7547655485223962,-0.6145863035159357,-0.7143002269190819,-0.0300511537238772,-0.5567919000830722,-0.8296723835288703,True,False,False,True,0,1,1.0,0.0,1.0,0.0,0.0,0.0,0.0,1.0,0.0,0.0,1.0,0.0,0.0,0.0,1.0,0.0,1.0,0.0,0.0,1.0,0.0,0.0,1.0,0.0,0.0,1.0,0.0,0.0,0.0,0.0,1.0,0.0,0.0,1.0,1.0,0.0
-0.9992752142778594,-1.5002467902369911,-0.935174063425146,-1.1084473325794444,-1.4444714494380884,-0.8296723835288703,False,True,True,False,0,0,0.0,1.0,0.0,0.0,1.0,0.0,1.0,0.0,0.0,1.0,0.0,0.0,0.0,1.0,0.0,0.0,0.0,1.0,0.0,0.0,1.0,0.0,0.0,1.0,0.0,0.0,1.0,0.0,0.0,1.0,0.0,0.0,1.0,0.0,0.0,1.0
-0.6325107156446645,0.7255142082267849,-0.3904002406082208,-0.0300511537238772,0.5982171594765108,0.3685778622546865,False,False,False,False,0,1,0.0,1.0,0.0,1.0,0.0,0.0,0.0,1.0,0.0,0.0,1.0,0.0,0.0,0.0,0.0,1.0,1.0,0.0,0.0,1.0,0.0,0.0,0.0,0.0,1.0,0.0,0.0,1.0,1.0,0.0,0.0,1.0,0.0,0.0,0.0,1.0
1.3235666103990416,1.4768329357261074,2.1642618166998138,1.5875431145594734,1.5322161784214272,-0.8296723835288703,True,True,False,True,0,0,1.0,0.0,0.0,1.0,0.0,0.0,1.0,0.0,0.0,0.0,0.0,0.0,1.0,0.0,0.0,1.0,0.0,0.0,1.0,0.0,0.0,1.0,0.0,0.0,1.0,1.0,0.0,0.0,0.0,0.0,1.0,0.0,0.0,1.0,0.0,1.0
0.1825215035402129,0.8333193236516325,0.4710055259821852,0.5091469357039063,0.8685243498689998,-0.8296723835288703,True,True,False,False,0,1,1.0,0.0,0.0,1.0,0.0,0.0,0.0,1.0,0.0,0.0,0.0,1.0,0.0,1.0,0.0,0.0,1.0,0.0,0.0,1.0,0.0,0.0,0.0,0.0,1.0,0.0,0.0,1.0,0.0,0.0,1.0,1.0,0.0,0.0,0.0,1.0
-0.3472494389299574,0.951075680500312,-0.0154482938761846,-0.0300511537238772,0.974728276571557,-0.8296723835288703,True,True,False,True,0,1,1.0,0.0,0.0,1.0,0.0,0.0,0.0,1.0,0.0,0.0,1.0,0.0,0.0,0.0,0.0,1.0,1.0,0.0,0.0,1.0,0.0,0.0,1.0,0.0,0.0,1.0,0.0,0.0,0.0,0.0,1.0,0.0,0.0,1.0,0.0,1.0
-1.2845364909925665,-1.3410269274556776,-0.998983524493505,-1.1084473325794444,-1.337605816027104,-0.8296723835288703,False,False,False,True,1,1,0.0,1.0,1.0,0.0,0.0,0.0,0.0,0.0,1.0,1.0,0.0,0.0,0.0,0.0,1.0,0.0,1.0,0.0,0.0,1.0,0.0,0.0,1.0,0.0,0.0,1.0,0.0,0.0,1.0,0.0,0.0,1.0,0.0,0.0,1.0,0.0
0.0195150597032374,0.5712699661573875,0.1334477678941323,1.5875431145594734,0.4632289909573731,1.5668281080382434,False,True,True,False,0,0,0.0,1.0,1.0,0.0,0.0,0.0,1.0,0.0,0.0,0.0,0.0,1.0,0.0,1.0,0.0,0.0,1.0,0.0,0.0,0.0,0.0,1.0,0.0,0.0,1.0,0.0,0.0,1.0,0.0,0.0,1.0,0.0,0.0,1.0,0.0,1.0
0.6715408350511395,-0.4338054176496529,0.1062859291668234,0.5091469357039063,-0.4307367721277008,0.3685778622546865,False,True,True,True,0,0,0.0,1.0,1.0,0.0,0.0,1.0,0.0,0.0,0.0,0.0,0.0,0.0,1.0,0.0,1.0,0.0,1.0,0.0,0.0,0.0,0.0,1.0,1.0,0.0,0.0,1.0,0.0,0.0,0.0,0.0,1.0,0.0,0.0,1.0,1.0,0.0
0.9568021117658466,-0.1684389796807973,0.5086412507829997,0.5091469357039063,-0.1038536581646907,1.5668281080382434,False,True,True,True,0,0,0.0,1.0,1.0,0.0,0.0,1.0,0.0,0.0,0.0,0.0,0.0,0.0,1.0,1.0,0.0,0.0,0.0,0.0,1.0,0.0,0.0,1.0,0.0,0.0,1.0,1.0,0.0,0.0,1.0,0.0,0.0,1.0,0.0,0.0,0.0,1.0
-1.2437848800333229,-1.4869784683385483,-0.9909689156531916,-1.1084473325794444,-1.440170355833312,-0.8296723835288703,False,False,False,False,0,1,0.0,1.0,0.0,0.0,1.0,0.0,0.0,0.0,1.0,1.0,0.0,0.0,0.0,1.0,0.0,0.0,0.0,1.0,0.0,0.0,1.0,0.0,0.0,1.0,0.0,0.0,1.0,0.0,0.0,1.0,0.0,0.0,1.0,0.0,0.0,1.0
1.6088278871137487,0.6608311389718763,1.68742552744982,0.5091469357039063,0.6756368443624869,1.5668281080382434,True,True,False,True,0,0,0.0,1.0,0.0,1.0,0.0,0.0,1.0,0.0,0.0,0.0,0.0,0.0,1.0,1.0,0.0,0.0,0.0,0.0,1.0,0.0,0.0,1.0,1.0,0.0,0.0,0.0,0.0,1.0,1.0,0.0,0.0,1.0,0.0,0.0,0.0,1.0
-0.5510074937261767,-0.3276588424621106,-0.5501434716035103,-0.0300511537238772,-0.3242019920709304,-0.8296723835288703,False,False,False,True,0,0,0.0,1.0,1.0,0.0,0.0,0.0,1.0,0.0,0.0,0.0,1.0,0.0,0.0,1.0,0.0,0.0,1.0,0.0,0.0,1.0,0.0,0.0,0.0,0.0,1.0,0.0,0.0,1.0,1.0,0.0,0.0,1.0,0.0,0.0,0.0,1.0
-1.2437848800333229,0.4900014945294258,-0.9426616842869184,-0.5692492431516608,0.3795230923413391,-0.8296723835288703,False,False,False,True,1,1,1.0,0.0,0.0,1.0,0.0,0.0,0.0,0.0,1.0,1.0,0.0,0.0,0.0,1.0,0.0,0.0,1.0,0.0,0.0,1.0,0.0,0.0,1.0,0.0,0.0,1.0,0.0,0.0,0.0,0.0,1.0,1.0,0.0,0.0,0.0,1.0
1.5680762761545048,0.8747828295842662,1.884145748272748,2.126741203987257,0.9241077133768804,1.5668281080382434,False,True,True,True,0,1,0.0,1.0,1.0,0.0,0.0,0.0,0.0,0.0,1.0,0.0,0.0,0.0,1.0,0.0,0.0,1.0,0.0,0.0,1.0,0.0,0.0,1.0,0.0,0.0,1.0,0.0,0.0,1.0,0.0,0.0,1.0,0.0,0.0,1.0,0.0,1.0
-0.1842429950929819,0.8316607834143273,0.14330683465934,-0.0300511537238772,0.9558696353813833,-0.8296723835288703,False,False,False,True,0,1,1.0,0.0,0.0,1.0,0.0,0.0,0.0,1.0,0.0,0.0,0.0,1.0,0.0,0.0,0.0,1.0,1.0,0.0,0.0,0.0,0.0,1.0,1.0,0.0,0.0,1.0,0.0,0.0,1.0,0.0,0.0,0.0,0.0,1.0,0.0,1.0
0.2640247254587007,1.1799542332484505,0.6598209271269954,1.04834502513169,1.078616229794619,1.5668281080382434,False,False,False,True,0,1,0.0,1.0,0.0,1.0,0.0,0.0,0.0,1.0,0.0,0.0,0.0,1.0,0.0,1.0,0.0,0.0,0.0,0.0,1.0,1.0,0.0,0.0,0.0,0.0,1.0,1.0,0.0,0.0,0.0,0.0,1.0,0.0,0.0,1.0,0.0,1.0
-1.2845364909925665,0.4900014945294258,-0.9747420774806116,-0.5692492431516608,0.4887046992318185,-0.8296723835288703,False,False,False,True,1,1,1.0,0.0,0.0,1.0,0.0,0.0,0.0,1.0,0.0,1.0,0.0,0.0,0.0,1.0,0.0,0.0,1.0,0.0,0.0,1.0,0.0,0.0,1.0,0.0,0.0,1.0,0.0,0.0,0.0,0.0,1.0,1.0,0.0,0.0,0.0,1.0
0.3455279473771884,0.1234641020849436,0.2537547318285917,0.5091469357039063,0.1750557194373512,0.3685778622546865,False,False,False,True,0,1,1.0,0.0,1.0,0.0,0.0,0.0,0.0,1.0,0.0,0.0,0.0,1.0,0.0,0.0,0.0,1.0,1.0,0.0,0.0,1.0,0.0,0.0,0.0,0.0,1.0,0.0,0.0,1.0,1.0,0.0,0.0,0.0,0.0,1.0,0.0,1.0
1.0383053336843344,0.9461000597883964,1.3773589755756648,0.5091469357039063,0.9542153686103154,-0.8296723835288703,False,True,True,True,0,0,1.0,0.0,0.0,1.0,0.0,1.0,0.0,0.0,0.0,0.0,0.0,0.0,1.0,0.0,0.0,1.0,0.0,0.0,1.0,0.0,0.0,1.0,1.0,0.0,0.0,1.0,0.0,0.0,1.0,0.0,0.0,0.0,0.0,1.0,0.0,1.0
0.5492860021734078,0.3291230915108069,0.5485386323250536,-0.5692492431516608,0.4056605073242115,-0.8296723835288703,False,False,False,True,0,0,1.0,0.0,0.0,1.0,0.0,0.0,1.0,0.0,0.0,0.0,0.0,1.0,0.0,1.0,0.0,0.0,1.0,0.0,0.0,1.0,0.0,0.0,0.0,0.0,1.0,1.0,0.0,0.0,1.0,0.0,0.0,1.0,0.0,0.0,0.0,1.0
-1.162281658114835,0.9908806461956404,-0.8242211361097924,0.5091469357039063,1.34726915341604,-0.8296723835288703,True,False,False,True,1,1,0.0,1.0,0.0,1.0,0.0,0.0,0.0,1.0,0.0,1.0,0.0,0.0,0.0,1.0,0.0,0.0,1.0,0.0,0.0,1.0,0.0,0.0,0.0,0.0,1.0,1.0,0.0,0.0,0.0,0.0,1.0,0.0,0.0,1.0,0.0,1.0
-0.79551715948164,-0.9778066154858068,-0.8119247499438319,-0.0300511537238772,-1.00013539472926,1.5668281080382434,False,False,False,False,0,1,1.0,0.0,1.0,0.0,0.0,0.0,0.0,0.0,1.0,0.0,1.0,0.0,0.0,0.0,1.0,0.0,1.0,0.0,0.0,1.0,0.0,0.0,0.0,0.0,1.0,0.0,0.0,1.0,1.0,0.0,0.0,1.0,0.0,0.0,1.0,0.0
1.6088278871137487,-1.3012219617603495,-0.1810323083003054,-1.1084473325794444,-1.279375625685515,1.5668281080382434,False,True,False,False,0,0,1.0,0.0,0.0,0.0,1.0,1.0,0.0,0.0,0.0,0.0,0.0,0.0,1.0,0.0,0.0,1.0,0.0,1.0,0.0,0.0,1.0,0.0,0.0,1.0,0.0,0.0,1.0,0.0,0.0,1.0,0.0,0.0,1.0,0.0,0.0,1.0
-0.3472494389299574,1.302686210809046,0.085821229333475,1.04834502513169,1.2923474966165869,-0.8296723835288703,False,False,False,True,0,1,1.0,0.0,0.0,1.0,0.0,0.0,0.0,1.0,0.0,0.0,1.0,0.0,0.0,0.0,0.0,1.0,1.0,0.0,0.0,0.0,0.0,1.0,0.0,0.0,1.0,1.0,0.0,0.0,0.0,0.0,1.0,0.0,0.0,1.0,0.0,1.0
0.5492860021734078,0.6425871963615176,0.6799782173061948,-0.0300511537238772,0.6207151875630339,-0.8296723835288703,False,False,False,False,0,1,1.0,0.0,0.0,1.0,0.0,0.0,0.0,0.0,1.0,0.0,0.0,1.0,0.0,0.0,0.0,1.0,0.0,0.0,1.0,0.0,0.0,1.0,1.0,0.0,0.0,1.0,0.0,0.0,1.0,0.0,0.0,1.0,0.0,0.0,0.0,1.0
0.834547278888115,-0.1253169335108581,0.4649232063965227,-0.0300511537238772,-0.0502554147820919,0.3685778622546865,False,False,False,True,0,1,0.0,1.0,1.0,0.0,0.0,0.0,0.0,1.0,0.0,0.0,0.0,0.0,1.0,1.0,0.0,0.0,1.0,0.0,0.0,1.0,0.0,0.0,0.0,0.0,1.0,1.0,0.0,0.0,1.0,0.0,0.0,0.0,0.0,1.0,0.0,1.0
-0.3064978279707135,-1.3310756860318458,-0.7057805879326665,-1.1084473325794444,-1.2307401826161202,1.5668281080382434,False,False,False,False,0,0,1.0,0.0,0.0,0.0,1.0,0.0,1.0,0.0,0.0,0.0,0.0,1.0,0.0,0.0,0.0,1.0,0.0,1.0,0.0,0.0,1.0,0.0,0.0,1.0,0.0,0.0,1.0,0.0,0.0,1.0,0.0,0.0,1.0,0.0,0.0,1.0
-1.1215300471555911,0.6624896792091816,-0.8272293591539649,-0.0300511537238772,0.6031799597897145,-0.8296723835288703,True,False,False,True,1,1,1.0,0.0,0.0,1.0,0.0,0.0,0.0,0.0,1.0,1.0,0.0,0.0,0.0,1.0,0.0,0.0,1.0,0.0,0.0,1.0,0.0,0.0,0.0,0.0,1.0,1.0,0.0,0.0,0.0,0.0,1.0,1.0,0.0,0.0,0.0,1.0
-1.1215300471555911,0.826685162702411,-0.7890007728772915,-0.0300511537238772,1.179195649475545,-0.8296723835288703,True,False,False,True,1,1,0.0,1.0,0.0,1.0,0.0,0.0,0.0,1.0,0.0,1.0,0.0,0.0,0.0,0.0,0.0,1.0,1.0,0.0,0.0,0.0,0.0,1.0,1.0,0.0,0.0,1.0,0.0,0.0,1.0,0.0,0.0,0.0,0.0,1.0,0.0,1.0
0.5492860021734078,-1.4820028476266325,-0.6383700423442763,-1.1084473325794444,-1.5384338020347432,0.3685778622546865,False,True,True,True,0,0,0.0,1.0,0.0,0.0,1.0,1.0,0.0,0.0,0.0,0.0,0.0,1.0,0.0,1.0,0.0,0.0,0.0,1.0,0.0,0.0,1.0,0.0,0.0,1.0,0.0,0.0,1.0,0.0,0.0,1.0,0.0,0.0,1.0,0.0,0.0,1.0
0.7122924460103833,-0.8434648562640735,-0.1220316125361346,-0.0300511537238772,-0.8089021559938147,-0.8296723835288703,False,True,True,True,0,0,0.0,1.0,1.0,0.0,0.0,0.0,1.0,0.0,0.0,0.0,0.0,0.0,1.0,0.0,1.0,0.0,0.0,0.0,1.0,1.0,0.0,0.0,1.0,0.0,0.0,1.0,0.0,0.0,0.0,0.0,1.0,1.0,0.0,0.0,1.0,0.0
1.6088278871137487,1.3242472338940152,2.270823177527325,1.04834502513169,1.286061282886529,1.5668281080382434,False,True,False,True,0,0,0.0,1.0,0.0,1.0,0.0,1.0,0.0,0.0,0.0,0.0,0.0,0.0,1.0,0.0,0.0,1.0,1.0,0.0,0.0,0.0,0.0,1.0,0.0,0.0,1.0,1.0,0.0,0.0,0.0,0.0,1.0,0.0,0.0,1.0,0.0,1.0
1.5273246651952608,0.521513759038227,1.3881622291357585,1.04834502513169,0.4341138957865788,1.5668281080382434,False,True,True,True,0,0,1.0,0.0,1.0,0.0,0.0,1.0,0.0,0.0,0.0,0.0,0.0,0.0,1.0,0.0,0.0,1.0,0.0,0.0,1.0,1.0,0.0,0.0,1.0,0.0,0.0,0.0,0.0,1.0,0.0,0.0,1.0,0.0,0.0,1.0,0.0,1.0
0.834547278888115,1.0572222556878543,1.2767701451716205,1.04834502513169,1.1037610847148502,0.3685778622546865,True,False,False,True,0,1,1.0,0.0,0.0,1.0,0.0,0.0,0.0,0.0,1.0,0.0,0.0,0.0,1.0,1.0,0.0,0.0,0.0,0.0,1.0,0.0,0.0,1.0,1.0,0.0,0.0,0.0,0.0,1.0,1.0,0.0,0.0,0.0,0.0,1.0,0.0,1.0
-0.2249946060522258,1.3192716131820994,0.2919394024403866,1.04834502513169,1.4855658554773137,0.3685778622546865,True,False,False,True,0,0,0.0,1.0,0.0,1.0,0.0,1.0,0.0,0.0,0.0,0.0,0.0,1.0,0.0,0.0,0.0,1.0,1.0,0.0,0.0,0.0,0.0,1.0,1.0,0.0,0.0,0.0,0.0,1.0,0.0,0.0,1.0,0.0,0.0,1.0,0.0,1.0
0.3047763364179446,-1.4836613878639378,-0.6683424836238049,-1.1084473325794444,-1.503694199842318,1.5668281080382434,False,True,True,False,0,0,1.0,0.0,0.0,0.0,1.0,1.0,0.0,0.0,0.0,0.0,0.0,1.0,0.0,1.0,0.0,0.0,0.0,1.0,0.0,0.0,1.0,0.0,0.0,1.0,0.0,0.0,1.0,0.0,0.0,1.0,0.0,0.0,1.0,0.0,0.0,1.0
0.4270311692956762,1.2645397853510227,0.9288482901722582,1.04834502513169,1.2499982672772496,-0.8296723835288703,True,True,False,True,0,1,0.0,1.0,0.0,1.0,0.0,0.0,0.0,1.0,0.0,0.0,0.0,1.0,0.0,0.0,0.0,1.0,1.0,0.0,0.0,0.0,0.0,1.0,0.0,0.0,1.0,1.0,0.0,0.0,0.0,0.0,1.0,0.0,0.0,1.0,0.0,1.0
-0.79551715948164,0.1748788494414098,-0.6071240467832733,-1.1084473325794444,0.1866355868348261,-0.8296723835288703,True,True,False,True,0,1,1.0,0.0,0.0,1.0,0.0,0.0,0.0,1.0,0.0,0.0,1.0,0.0,0.0,1.0,0.0,0.0,1.0,0.0,0.0,1.0,0.0,0.0,1.0,0.0,0.0,1.0,0.0,0.0,1.0,0.0,0.0,1.0,0.0,0.0,0.0,1.0
1.6088278871137487,1.4867841771499395,2.560315240405936,1.5875431145594734,1.589122955346162,1.5668281080382434,False,True,True,False,0,0,1.0,0.0,0.0,1.0,0.0,0.0,1.0,0.0,0.0,0.0,0.0,0.0,1.0,0.0,0.0,1.0,0.0,0.0,1.0,0.0,0.0,1.0,0.0,0.0,1.0,1.0,0.0,0.0,0.0,0.0,1.0,0.0,0.0,1.0,0.0,1.0
-1.162281658114835,-1.475368686677411,-0.9725023785718117,-1.1084473325794444,-1.4454640095007292,0.3685778622546865,False,False,True,True,0,1,1.0,0.0,0.0,0.0,1.0,0.0,0.0,0.0,1.0,1.0,0.0,0.0,0.0,1.0,0.0,0.0,0.0,1.0,0.0,0.0,1.0,0.0,0.0,1.0,0.0,0.0,1.0,0.0,0.0,1.0,0.0,0.0,1.0,0.0,0.0,1.0
-1.2030332690740788,1.0058075083313889,-0.8811138799597986,-0.0300511537238772,1.083248176753609,-0.8296723835288703,False,True,False,True,1,1,1.0,0.0,0.0,1.0,0.0,0.0,0.0,1.0,0.0,1.0,0.0,0.0,0.0,0.0,0.0,1.0,1.0,0.0,0.0,1.0,0.0,0.0,1.0,0.0,0.0,1.0,0.0,0.0,0.0,0.0,1.0,0.0,0.0,1.0,0.0,1.0
-1.2845364909925665,-1.3194659043707082,-0.9986980726717952,-1.1084473325794444,-1.3161003480032218,-0.8296723835288703,True,False,False,True,1,1,0.0,1.0,1.0,0.0,0.0,0.0,0.0,1.0,0.0,1.0,0.0,0.0,0.0,0.0,1.0,0.0,1.0,0.0,0.0,1.0,0.0,0.0,1.0,0.0,0.0,1.0,0.0,0.0,1.0,0.0,0.0,1.0,0.0,0.0,1.0,0.0
0.1010182816217252,1.5232720623706568,0.6750157471749323,2.126741203987257,1.4799413484556827,0.3685778622546865,True,False,False,True,0,0,1.0,0.0,0.0,1.0,0.0,1.0,0.0,0.0,0.0,0.0,0.0,1.0,0.0,0.0,0.0,1.0,0.0,0.0,1.0,0.0,0.0,1.0,0.0,0.0,1.0,0.0,0.0,1.0,0.0,0.0,1.0,0.0,0.0,1.0,0.0,1.0
1.3643182213582854,1.2446373025033588,1.8324350528783964,0.5091469357039063,1.0978057243390065,1.5668281080382434,True,False,False,True,0,0,1.0,0.0,0.0,1.0,0.0,1.0,0.0,0.0,0.0,0.0,0.0,0.0,1.0,0.0,0.0,1.0,0.0,0.0,1.0,1.0,0.0,0.0,1.0,0.0,0.0,1.0,0.0,0.0,0.0,0.0,1.0,0.0,0.0,1.0,0.0,1.0
-1.0807784361963473,-0.1319510944600796,-0.8278661362947022,-0.0300511537238772,0.1370075837027901,-0.8296723835288703,False,False,False,False,0,1,0.0,1.0,1.0,0.0,0.0,0.0,0.0,0.0,1.0,1.0,0.0,0.0,0.0,1.0,0.0,0.0,1.0,0.0,0.0,1.0,0.0,0.0,0.0,0.0,1.0,1.0,0.0,0.0,0.0,0.0,1.0,1.0,0.0,0.0,0.0,1.0
-0.9585236033186156,0.3606353560196085,-0.7216780586186581,-0.5692492431516608,0.2647169784292293,-0.8296723835288703,False,True,False,True,0,0,1.0,0.0,0.0,1.0,0.0,1.0,0.0,0.0,0.0,1.0,0.0,0.0,0.0,1.0,0.0,0.0,1.0,0.0,0.0,1.0,0.0,0.0,0.0,0.0,1.0,1.0,0.0,0.0,1.0,0.0,0.0,1.0,0.0,0.0,0.0,1.0
1.6088278871137487,0.6193676330392426,1.6661923034810993,1.5875431145594734,0.6534696696301775,1.5668281080382434,False,True,True,True,0,0,0.0,1.0,1.0,0.0,0.0,0.0,1.0,0.0,0.0,0.0,0.0,0.0,1.0,0.0,0.0,1.0,0.0,0.0,1.0,1.0,0.0,0.0,0.0,0.0,1.0,0.0,0.0,1.0,0.0,0.0,1.0,0.0,0.0,1.0,0.0,1.0
-0.9585236033186156,-0.6610254301604853,-0.8204443889302474,-1.1084473325794444,-0.5620855537504893,-0.8296723835288703,False,False,False,False,0,1,0.0,1.0,1.0,0.0,0.0,0.0,0.0,0.0,1.0,1.0,0.0,0.0,0.0,1.0,0.0,0.0,1.0,0.0,0.0,1.0,0.0,0.0,1.0,0.0,0.0,1.0,0.0,0.0,1.0,0.0,0.0,1.0,0.0,0.0,0.0,1.0
-0.6732623266039084,0.6658067596837925,-0.4044532533693185,-0.5692492431516608,0.7034285261164271,-0.8296723835288703,False,True,False,True,0,1,1.0,0.0,0.0,1.0,0.0,0.0,0.0,1.0,0.0,0.0,1.0,0.0,0.0,0.0,0.0,1.0,1.0,0.0,0.0,1.0,0.0,0.0,1.0,0.0,0.0,1.0,0.0,0.0,0.0,0.0,1.0,1.0,0.0,0.0,0.0,1.0
0.9568021117658466,-0.9545870521635318,-0.1439235714780319,-0.0300511537238772,-0.9816076068932996,0.3685778622546865,False,True,True,True,0,0,0.0,1.0,1.0,0.0,0.0,0.0,1.0,0.0,0.0,0.0,0.0,0.0,1.0,0.0,1.0,0.0,1.0,0.0,0.0,0.0,0.0,1.0,0.0,0.0,1.0,1.0,0.0,0.0,1.0,0.0,0.0,1.0,0.0,0.0,1.0,0.0
1.3643182213582854,1.7040529482369398,2.4430384573480883,2.126741203987257,1.7945828883127908,0.3685778622546865,True,True,True,True,0,1,0.0,1.0,0.0,1.0,0.0,0.0,0.0,1.0,0.0,0.0,0.0,0.0,1.0,0.0,0.0,1.0,0.0,0.0,1.0,0.0,0.0,1.0,0.0,0.0,1.0,0.0,0.0,1.0,0.0,0.0,1.0,0.0,0.0,1.0,0.0,1.0
-0.0619881622152502,-1.485319928101243,-0.7509478492601318,-1.1084473325794444,-1.5175900407192875,0.3685778622546865,False,False,True,False,0,0,1.0,0.0,0.0,0.0,1.0,0.0,1.0,0.0,0.0,0.0,0.0,1.0,0.0,1.0,0.0,0.0,0.0,1.0,0.0,0.0,1.0,0.0,0.0,1.0,0.0,0.0,1.0,0.0,0.0,1.0,0.0,0.0,1.0,0.0,0.0,1.0
-0.2249946060522258,1.513320820946825,0.2452131350097369,1.5875431145594734,1.355209633917166,0.3685778622546865,True,False,False,True,0,0,1.0,0.0,0.0,1.0,0.0,1.0,0.0,0.0,0.0,0.0,0.0,1.0,0.0,0.0,0.0,1.0,0.0,0.0,1.0,0.0,0.0,1.0,0.0,0.0,1.0,1.0,0.0,0.0,0.0,0.0,1.0,0.0,0.0,1.0,0.0,1.0
-1.2845364909925665,-0.2861953365294769,-0.9850183430621642,-0.5692492431516608,-0.2854921496279423,-0.8296723835288703,False,False,False,True,1,1,1.0,0.0,1.0,0.0,0.0,0.0,0.0,1.0,0.0,1.0,0.0,0.0,0.0,1.0,0.0,0.0,1.0,0.0,0.0,1.0,0.0,0.0,1.0,0.0,0.0,1.0,0.0,0.0,1.0,0.0,0.0,0.0,0.0,1.0,0.0,1.0
-1.2845364909925665,-0.5615130159221645,-0.988663343247074,-0.5692492431516608,-0.5601004336252078,-0.8296723835288703,False,False,False,False,1,1,0.0,1.0,1.0,0.0,0.0,0.0,0.0,1.0,0.0,1.0,0.0,0.0,0.0,1.0,0.0,0.0,0.0,0.0,1.0,1.0,0.0,0.0,1.0,0.0,0.0,1.0,0.0,0.0,1.0,0.0,0.0,1.0,0.0,0.0,0.0,1.0
0.508534391214164,1.15507612968887,1.0254847107372436,0.5091469357039063,1.2609164279662974,1.5668281080382434,False,False,True,False,0,0,0.0,1.0,0.0,1.0,0.0,1.0,0.0,0.0,0.0,0.0,0.0,1.0,0.0,0.0,0.0,1.0,1.0,0.0,0.0,1.0,0.0,0.0,0.0,0.0,1.0,1.0,0.0,0.0,0.0,0.0,1.0,0.0,0.0,1.0,0.0,1.0
-0.79551715948164,-1.317807364133403,-0.8639867706572109,-1.1084473325794444,-1.3018736537720383,-0.8296723835288703,False,False,False,True,0,0,0.0,1.0,1.0,0.0,0.0,1.0,0.0,0.0,0.0,0.0,1.0,0.0,0.0,0.0,1.0,0.0,1.0,0.0,0.0,1.0,0.0,0.0,1.0,0.0,0.0,1.0,0.0,0.0,1.0,0.0,0.0,1.0,0.0,0.0,1.0,0.0
-1.1215300471555911,0.524830839512838,-0.8451249925919252,-0.0300511537238772,0.3335344761056524,-0.8296723835288703,True,False,False,False,1,1,1.0,0.0,0.0,1.0,0.0,0.0,0.0,1.0,0.0,1.0,0.0,0.0,0.0,1.0,0.0,0.0,0.0,0.0,1.0,0.0,0.0,1.0,1.0,0.0,0.0,1.0,0.0,0.0,1.0,0.0,0.0,1.0,0.0,0.0,0.0,1.0
-1.162281658114835,0.9792708645345032,-0.8396794501469997,1.04834502513169,1.056118201708096,-0.8296723835288703,False,False,False,True,0,0,1.0,0.0,0.0,1.0,0.0,1.0,0.0,0.0,0.0,1.0,0.0,0.0,0.0,1.0,0.0,0.0,0.0,0.0,1.0,1.0,0.0,0.0,0.0,0.0,1.0,0.0,0.0,1.0,1.0,0.0,0.0,0.0,0.0,1.0,0.0,1.0
-1.2845364909925665,0.1251226423222494,-0.9795728006172388,-1.1084473325794444,0.1247660095968883,-0.8296723835288703,False,False,False,False,1,1,1.0,0.0,0.0,1.0,0.0,0.0,0.0,1.0,0.0,1.0,0.0,0.0,0.0,1.0,0.0,0.0,1.0,0.0,0.0,1.0,0.0,0.0,1.0,0.0,0.0,1.0,0.0,0.0,1.0,0.0,0.0,1.0,0.0,0.0,0.0,1.0
-0.1842429950929819,-0.9661968338246693,-0.5875157024150542,-0.0300511537238772,-1.0103918487098804,-0.8296723835288703,False,False,False,True,0,1,1.0,0.0,1.0,0.0,0.0,0.0,0.0,0.0,1.0,0.0,0.0,1.0,0.0,0.0,1.0,0.0,1.0,0.0,0.0,1.0,0.0,0.0,0.0,0.0,1.0,0.0,0.0,1.0,1.0,0.0,0.0,1.0,0.0,0.0,1.0,0.0
-0.9992752142778594,-1.5101980316608232,-0.9427055999517968,-1.1084473325794444,-1.5152740672397929,-0.8296723835288703,False,True,True,True,0,1,0.0,1.0,0.0,0.0,1.0,0.0,0.0,0.0,1.0,1.0,0.0,0.0,0.0,1.0,0.0,0.0,0.0,1.0,0.0,0.0,1.0,0.0,0.0,1.0,0.0,0.0,1.0,0.0,0.0,1.0,0.0,0.0,1.0,0.0,0.0,1.0
1.3643182213582854,-0.034097220459064,0.8234726522964653,0.5091469357039063,-0.0538948016784412,0.3685778622546865,True,False,False,True,0,0,1.0,0.0,1.0,0.0,0.0,0.0,1.0,0.0,0.0,0.0,0.0,0.0,1.0,0.0,0.0,1.0,0.0,0.0,1.0,0.0,0.0,1.0,1.0,0.0,0.0,0.0,0.0,1.0,1.0,0.0,0.0,1.0,0.0,0.0,0.0,1.0
0.4677827802549201,0.8465876455500755,0.7745725594543332,-0.0300511537238772,0.9085576057288424,-0.8296723835288703,False,False,False,True,0,1,0.0,1.0,0.0,1.0,0.0,0.0,0.0,0.0,1.0,0.0,0.0,1.0,0.0,0.0,0.0,1.0,1.0,0.0,0.0,1.0,0.0,0.0,0.0,0.0,1.0,1.0,0.0,0.0,1.0,0.0,0.0,0.0,0.0,1.0,0.0,1.0
0.1010182816217252,0.1798544701533256,0.0515230950634211,-1.1084473325794444,0.1376692904112176,-0.8296723835288703,False,True,False,True,0,1,1.0,0.0,0.0,1.0,0.0,0.0,0.0,1.0,0.0,0.0,0.0,1.0,0.0,1.0,0.0,0.0,1.0,0.0,0.0,1.0,0.0,0.0,1.0,0.0,0.0,1.0,0.0,0.0,1.0,0.0,0.0,1.0,0.0,0.0,0.0,1.0
0.5492860021734078,1.5033695795229929,1.1738098688641412,1.5875431145594734,1.4296516386152198,-0.8296723835288703,True,True,True,True,0,1,1.0,0.0,0.0,1.0,0.0,0.0,0.0,1.0,0.0,0.0,0.0,1.0,0.0,0.0,0.0,1.0,0.0,0.0,1.0,0.0,0.0,1.0,1.0,0.0,0.0,0.0,0.0,1.0,0.0,0.0,1.0,0.0,0.0,1.0,0.0,1.0
1.0383053336843344,1.1401492675531215,1.5578743160584512,1.04834502513169,1.188459543393525,0.3685778622546865,False,True,True,False,0,0,1.0,0.0,0.0,1.0,0.0,0.0,1.0,0.0,0.0,0.0,0.0,0.0,1.0,1.0,0.0,0.0,0.0,0.0,1.0,0.0,0.0,1.0,1.0,0.0,0.0,1.0,0.0,0.0,0.0,0.0,1.0,0.0,0.0,1.0,0.0,1.0
1.3235666103990416,1.4967354185737711,2.125264706287768,1.5875431145594734,1.4872201222483814,0.3685778622546865,False,False,False,True,0,0,0.0,1.0,0.0,1.0,0.0,0.0,1.0,0.0,0.0,0.0,0.0,0.0,1.0,0.0,0.0,1.0,0.0,0.0,1.0,1.0,0.0,0.0,0.0,0.0,1.0,0.0,0.0,1.0,0.0,0.0,1.0,0.0,0.0,1.0,0.0,1.0
-0.9992752142778594,-1.4936126292877696,-0.9453405398445026,-1.1084473325794444,-1.5404189221600244,1.5668281080382434,False,True,True,True,0,1,1.0,0.0,0.0,0.0,1.0,0.0,0.0,0.0,1.0,1.0,0.0,0.0,0.0,1.0,0.0,0.0,0.0,1.0,0.0,0.0,1.0,0.0,0.0,1.0,0.0,0.0,1.0,0.0,0.0,1.0,0.0,0.0,1.0,0.0,0.0,1.0
-0.5510074937261767,1.0588807959251596,-0.2442489078928055,0.5091469357039063,0.8887064044760278,-0.8296723835288703,False,True,False,True,0,1,1.0,0.0,0.0,1.0,0.0,0.0,0.0,1.0,0.0,0.0,1.0,0.0,0.0,1.0,0.0,0.0,1.0,0.0,0.0,1.0,0.0,0.0,0.0,0.0,1.0,1.0,0.0,0.0,0.0,0.0,1.0,0.0,0.0,1.0,0.0,1.0
1.2828149994397977,1.5448330854556267,2.181608504326794,1.5875431145594734,1.6102975700158304,0.3685778622546865,False,True,True,True,0,1,1.0,0.0,0.0,1.0,0.0,0.0,0.0,1.0,0.0,0.0,0.0,0.0,1.0,0.0,0.0,1.0,1.0,0.0,0.0,0.0,0.0,1.0,0.0,0.0,1.0,0.0,0.0,1.0,0.0,0.0,1.0,0.0,0.0,1.0,0.0,1.0
-0.7140139375631523,-1.2780023984380746,-0.8434561973265449,-1.1084473325794444,-1.311468401044232,-0.8296723835288703,False,False,False,True,0,1,0.0,1.0,0.0,0.0,1.0,0.0,0.0,1.0,0.0,0.0,1.0,0.0,0.0,0.0,0.0,1.0,0.0,1.0,0.0,0.0,1.0,0.0,0.0,1.0,0.0,0.0,1.0,0.0,0.0,1.0,0.0,0.0,1.0,0.0,0.0,1.0
0.7122924460103833,1.2280519001303054,1.302658429617455,1.04834502513169,1.3376744061438466,0.3685778622546865,True,True,False,True,0,0,0.0,1.0,0.0,1.0,0.0,1.0,0.0,0.0,0.0,0.0,0.0,0.0,1.0,0.0,0.0,1.0,0.0,0.0,1.0,0.0,0.0,1.0,0.0,0.0,1.0,1.0,0.0,0.0,0.0,0.0,1.0,1.0,0.0,0.0,0.0,1.0
-1.0807784361963473,0.6409286561242123,-0.7817327303399113,-0.0300511537238772,0.7160009535765428,-0.8296723835288703,True,True,False,True,0,1,0.0,1.0,0.0,1.0,0.0,0.0,0.0,1.0,0.0,1.0,0.0,0.0,0.0,1.0,0.0,0.0,1.0,0.0,0.0,0.0,0.0,1.0,1.0,0.0,0.0,1.0,0.0,0.0,1.0,0.0,0.0,0.0,0.0,1.0,0.0,1.0
0.3862795583364323,0.5165381383263112,0.4728280260746401,1.04834502513169,0.512856994089409,0.3685778622546865,False,True,False,False,0,0,0.0,1.0,1.0,0.0,0.0,0.0,1.0,0.0,0.0,0.0,0.0,1.0,0.0,0.0,0.0,1.0,0.0,0.0,1.0,1.0,0.0,0.0,1.0,0.0,0.0,0.0,0.0,1.0,0.0,0.0,1.0,0.0,0.0,1.0,0.0,1.0
-1.0400268252371032,-0.4503908200227063,-0.8255605638885846,-0.5692492431516608,-0.1643998219857747,-0.8296723835288703,True,False,False,True,0,1,1.0,0.0,1.0,0.0,0.0,0.0,0.0,0.0,1.0,1.0,0.0,0.0,0.0,1.0,0.0,0.0,1.0,0.0,0.0,0.0,0.0,1.0,1.0,0.0,0.0,1.0,0.0,0.0,1.0,0.0,0.0,1.0,0.0,0.0,0.0,1.0
0.7530440569696273,-1.175172903725143,-0.3688376491529117,-0.5692492431516608,-1.199970820674258,-0.8296723835288703,True,True,False,True,0,0,0.0,1.0,1.0,0.0,0.0,0.0,1.0,0.0,0.0,0.0,0.0,0.0,1.0,0.0,1.0,0.0,1.0,0.0,0.0,0.0,0.0,1.0,1.0,0.0,0.0,1.0,0.0,0.0,1.0,0.0,0.0,1.0,0.0,0.0,1.0,0.0
0.0602666706624813,0.74873377154906,0.2524811775471172,-0.0300511537238772,0.6501611360880419,-0.8296723835288703,False,True,True,False,0,1,1.0,0.0,0.0,1.0,0.0,0.0,0.0,1.0,0.0,0.0,0.0,1.0,0.0,0.0,0.0,1.0,1.0,0.0,0.0,1.0,0.0,0.0,0.0,0.0,1.0,1.0,0.0,0.0,0.0,0.0,1.0,1.0,0.0,0.0,0.0,1.0
